{
    "dataVersion": 1,
    "bodyType": 0,
    "skinColor": {
        "r": 0.843137264251709,
        "g": 0.6274510025978088,
        "b": 0.49803921580314639,
        "a": 1.0
    },
    "tintColor": {
        "r": 1.0,
        "g": 1.0,
        "b": 1.0,
        "a": 1.0
    },
    "slotData": [
        {
            "category": 0,
            "partName": "Fantasy 00 Male",
            "partPackage": "Fantasy",
            "color1": {
                "r": 1.0,
                "g": 1.0,
                "b": 1.0,
                "a": 1.0
            },
            "color2": {
                "r": 1.0,
                "g": 1.0,
                "b": 1.0,
                "a": 1.0
            },
            "color3": {
                "r": 1.0,
                "g": 1.0,
                "b": 1.0,
                "a": 1.0
            }
        },
        {
            "category": 1,
            "partName": "",
            "partPackage": "",
            "color1": {
                "r": 0.5,
                "g": 0.5,
                "b": 0.5,
                "a": 1.0
            },
            "color2": {
                "r": 0.5,
                "g": 0.5,
                "b": 0.5,
                "a": 1.0
            },
            "color3": {
                "r": 0.5,
                "g": 0.5,
                "b": 0.5,
                "a": 1.0
            }
        },
        {
            "category": 2,
            "partName": "00",
            "partPackage": "Base",
            "color1": {
                "r": 0.5,
                "g": 0.5,
                "b": 0.5,
                "a": 1.0
            },
            "color2": {
                "r": 0.5,
                "g": 0.5,
                "b": 0.5,
                "a": 1.0
            },
            "color3": {
                "r": 0.5,
                "g": 0.5,
                "b": 0.5,
                "a": 1.0
            }
        },
        {
            "category": 3,
            "partName": "13",
            "partPackage": "Base",
            "color1": {
                "r": 0.43921568989753725,
                "g": 0.25882354378700259,
                "b": 0.0784313753247261,
                "a": 1.0
            },
            "color2": {
                "r": 0.43921568989753725,
                "g": 0.25882354378700259,
                "b": 0.0784313753247261,
                "a": 1.0
            },
            "color3": {
                "r": 0.43921568989753725,
                "g": 0.25882354378700259,
                "b": 0.0784313753247261,
                "a": 1.0
            }
        },
        {
            "category": 4,
            "partName": "00",
            "partPackage": "Base",
            "color1": {
                "r": 0.6509804129600525,
                "g": 0.545098066329956,
                "b": 0.35686275362968447,
                "a": 1.0
            },
            "color2": {
                "r": 0.6509804129600525,
                "g": 0.545098066329956,
                "b": 0.35686275362968447,
                "a": 1.0
            },
            "color3": {
                "r": 0.6509804129600525,
                "g": 0.545098066329956,
                "b": 0.35686275362968447,
                "a": 1.0
            }
        },
        {
            "category": 5,
            "partName": "02",
            "partPackage": "Base",
            "color1": {
                "r": 0.9450980424880981,
                "g": 0.7607843279838562,
                "b": 0.4901960790157318,
                "a": 1.0
            },
            "color2": {
                "r": 0.9450980424880981,
                "g": 0.7607843279838562,
                "b": 0.4901960790157318,
                "a": 1.0
            },
            "color3": {
                "r": 0.9450980424880981,
                "g": 0.7607843279838562,
                "b": 0.4901960790157318,
                "a": 1.0
            }
        },
        {
            "category": 6,
            "partName": "",
            "partPackage": "",
            "color1": {
                "r": 0.5,
                "g": 0.5,
                "b": 0.5,
                "a": 1.0
            },
            "color2": {
                "r": 0.5,
                "g": 0.5,
                "b": 0.5,
                "a": 1.0
            },
            "color3": {
                "r": 0.5,
                "g": 0.5,
                "b": 0.5,
                "a": 1.0
            }
        },
        {
            "category": 7,
            "partName": "12",
            "partPackage": "Base",
            "color1": {
                "r": 0.9607843160629273,
                "g": 0.8823529481887817,
                "b": 0.8549019694328308,
                "a": 1.0
            },
            "color2": {
                "r": 0.9607843160629273,
                "g": 0.8823529481887817,
                "b": 0.8549019694328308,
                "a": 1.0
            },
            "color3": {
                "r": 0.9607843160629273,
                "g": 0.8823529481887817,
                "b": 0.8549019694328308,
                "a": 1.0
            }
        },
        {
            "category": 8,
            "partName": "",
            "partPackage": "",
            "color1": {
                "r": 1.0,
                "g": 0.43529412150382998,
                "b": 0.3803921639919281,
                "a": 1.0
            },
            "color2": {
                "r": 1.0,
                "g": 0.8117647171020508,
                "b": 0.2666666805744171,
                "a": 1.0
            },
            "color3": {
                "r": 0.0,
                "g": 0.4274509847164154,
                "b": 0.46666666865348818,
                "a": 1.0
            }
        },
        {
            "category": 9,
            "partName": "08",
            "partPackage": "Base",
            "color1": {
                "r": 0.8196078538894653,
                "g": 0.4470588266849518,
                "b": 0.4156862795352936,
                "a": 1.0
            },
            "color2": {
                "r": 0.8196078538894653,
                "g": 0.4470588266849518,
                "b": 0.4156862795352936,
                "a": 1.0
            },
            "color3": {
                "r": 0.8196078538894653,
                "g": 0.4470588266849518,
                "b": 0.4156862795352936,
                "a": 1.0
            }
        },
        {
            "category": 10,
            "partName": "05",
            "partPackage": "Base",
            "color1": {
                "r": 0.5,
                "g": 0.5,
                "b": 0.5,
                "a": 1.0
            },
            "color2": {
                "r": 0.5,
                "g": 0.5,
                "b": 0.5,
                "a": 1.0
            },
            "color3": {
                "r": 0.5,
                "g": 0.5,
                "b": 0.5,
                "a": 1.0
            }
        },
        {
            "category": 11,
            "partName": "Base 00 Male",
            "partPackage": "Base",
            "color1": {
                "r": 1.0,
                "g": 1.0,
                "b": 1.0,
                "a": 1.0
            },
            "color2": {
                "r": 1.0,
                "g": 1.0,
                "b": 1.0,
                "a": 1.0
            },
            "color3": {
                "r": 1.0,
                "g": 1.0,
                "b": 1.0,
                "a": 1.0
            }
        },
        {
            "category": 12,
            "partName": "",
            "partPackage": "",
            "color1": {
                "r": 0.5,
                "g": 0.5,
                "b": 0.5,
                "a": 1.0
            },
            "color2": {
                "r": 0.5,
                "g": 0.5,
                "b": 0.5,
                "a": 1.0
            },
            "color3": {
                "r": 0.5,
                "g": 0.5,