{
    "dataVersion": 1,
    "bodyType": 0,
    "skinColor": {
        "r": 0.720588207244873,
        "g": 0.5540343523025513,
        "b": 0.4927551746368408,
        "a": 1.0
    },
    "tintColor": {
        "r": 1.0,
        "g": 1.0,
        "b": 1.0,
        "a": 1.0
    },
    "slotData": [
        {
            "category": 0,
            "partName": "Fantasy 00 Male",
            "partPackage": "Fantasy",
            "color1": {
                "r": 0.5,
                "g": 0.5,
                "b": 0.5,
                "a": 1.0
            },
            "color2": {
                "r": 0.5,
                "g": 0.5,
                "b": 0.5,
                "a": 1.0
            },
            "color3": {
                "r": 0.5,
                "g": 0.5,
                "b": 0.5,
                "a": 1.0
            }
        },
        {
            "category": 1,
            "partName": "",
            "partPackage": "",
            "color1": {
                "r": 0.5,
                "g": 0.5,
                "b": 0.5,
                "a": 1.0
            },
            "color2": {
                "r": 0.5,
                "g": 0.5,
                "b": 0.5,
                "a": 1.0
            },
            "color3": {
                "r": 0.5,
                "g": 0.5,
                "b": 0.5,
                "a": 1.0
            }
        },
        {
            "category": 2,
            "partName": "00",
            "partPackage": "Base",
            "color1": {
                "r": 0.5,
                "g": 0.5,
                "b": 0.5,
                "a": 1.0
            },
            "color2": {
                "r": 0.5,
                "g": 0.5,
                "b": 0.5,
                "a": 1.0
            },
            "color3": {
                "r": 0.5,
                "g": 0.5,
                "b": 0.5,
                "a": 1.0
            }
        },
        {
            "category": 3,
            "partName": "08",
            "partPackage": "Base",
            "color1": {
                "r": 0.11294054985046387,
                "g": 0.19468355178833009,
                "b": 0.5094339847564697,
                "a": 1.0
            },
            "color2": {
                "r": 0.11294054985046387,
                "g": 0.19468355178833009,
                "b": 0.5094339847564697,
                "a": 1.0
            },
            "color3": {
                "r": 0.11294054985046387,
                "g": 0.19468355178833009,
                "b": 0.5094339847564697,
                "a": 1.0
            }
        },
        {
            "category": 4,
            "partName": "02",
            "partPackage": "Base",
            "color1": {
                "r": 0.1367863118648529,
                "g": 0.41950520873069765,
                "b": 0.8088235259056091,
                "a": 1.0
            },
            "color2": {
                "r": 0.1367863118648529,
                "g": 0.41950520873069765,
                "b": 0.8088235259056091,
                "a": 1.0
            },
            "color3": {
                "r": 0.1367863118648529,
                "g": 0.41950520873069765,
                "b": 0.8088235259056091,
                "a": 1.0
            }
        },
        {
            "category": 5,
            "partName": "08",
            "partPackage": "Base",
            "color1": {
                "r": 0.5849056243896484,
                "g": 0.11863651871681214,
                "b": 0.5581376552581787,
                "a": 1.0
            },
            "color2": {
                "r": 0.5849056243896484,
                "g": 0.11863651871681214,
                "b": 0.5581376552581787,
                "a": 1.0
            },
            "color3": {
                "r": 0.5849056243896484,
                "g": 0.11863651871681214,
                "b": 0.5581376552581787,
                "a": 1.0
            }
        },
        {
            "category": 6,
            "partName": "",
            "partPackage": "",
            "color1": {
                "r": 0.5,
                "g": 0.5,
                "b": 0.5,
                "a": 1.0
            },
            "color2": {
                "r": 0.5,
                "g": 0.5,
                "b": 0.5,
                "a": 1.0
            },
            "color3": {
                "r": 0.5,
                "g": 0.5,
                "b": 0.5,
                "a": 1.0
            }
        },
        {
            "category": 7,
            "partName": "03",
            "partPackage": "Base",
            "color1": {
                "r": 0.3308509290218353,
                "g": 0.19081522524356843,
                "b": 0.6037735939025879,
                "a": 1.0
            },
            "color2": {
                "r": 0.3308509290218353,
                "g": 0.19081522524356843,
                "b": 0.6037735939025879,
                "a": 1.0
            },
            "color3": {
                "r": 0.3308509290218353,
                "g": 0.19081522524356843,
                "b": 0.6037735939025879,
                "a": 1.0
            }
        },
        {
            "category": 8,
            "partName": "",
            "partPackage": "",
            "color1": {
                "r": 0.5,
                "g": 0.5,
                "b": 0.5,
                "a": 1.0
            },
            "color2": {
                "r": 0.5,
                "g": 0.5,
                "b": 0.5,
                "a": 1.0
            },
            "color3": {
                "r": 0.5,
                "g": 0.5,
                "b": 0.5,
                "a": 1.0
            }
        },
        {
            "category": 9,
            "partName": "08",
            "partPackage": "Base",
            "color1": {
                "r": 0.9411764740943909,
                "g": 0.43278437852859499,
                "b": 0.4013840854167938,
                "a": 1.0
            },
            "color2": {
                "r": 0.9411764740943909,
                "g": 0.43278437852859499,
                "b": 0.4013840854167938,
                "a": 1.0
            },
            "color3": {
                "r": 0.9411764740943909,
                "g": 0.43278437852859499,
                "b": 0.4013840854167938,
                "a": 1.0
            }
        },
        {
            "category": 10,
            "partName": "08",
            "partPackage": "Base",
            "color1": {
                "r": 0.5,
                "g": 0.5,
                "b": 0.5,
                "a": 1.0
            },
            "color2": {
                "r": 0.5,
                "g": 0.5,
                "b": 0.5,
                "a": 1.0
            },
            "color3": {
                "r": 0.5,
                "g": 0.5,
                "b": 0.5,
                "a": 1.0
            }
        },
        {
            "category": 11,
            "partName": "Base 00 Male",
            "partPackage": "Base",
            "color1": {
                "r": 0.5,
                "g": 0.5,
                "b": 0.5,
                "a": 1.0
            },
            "color2": {
                "r": 0.5,
                "g": 0.5,
                "b": 0.5,
                "a": 1.0
            },
            "color3": {
                "r": 0.5,
                "g": 0.5,
                "b": 0.5,
                "a": 1.0
            }
        },
        {
            "category": 12,
            "partName": "",
            "partPackage": "",
            "color1": {
                "r": 0.5,
                "g": 0.5,
                "b": 0.5,
                "a": 1.0
            },
            "color2": {
                "r": 0.5,
                "g": 0.5,
                "b": 0.5,
                "a": 1.0
            },
            "color3": {
                "r": 0.5,
                "g": 0.5,
                "b": 0.5,