{
    "dataVersion": 1,
    "bodyType": 0,
    "skinColor": {
        "r": 0.8382352590560913,
        "g": 0.5846248865127564,
        "b": 0.3205017149448395,
        "a": 1.0
    },
    "tintColor": {
        "r": 1.0,
        "g": 1.0,
        "b": 1.0,
        "a": 1.0
    },
    "slotData": [
        {
            "category": 0,
            "partName": "Fantasy 00 Male",
            "partPackage": "Fantasy",
            "color1": {
                "r": 0.5,
                "g": 0.5,
                "b": 0.5,
                "a": 1.0
            },
            "color2": {
                "r": 0.5,
                "g": 0.5,
                "b": 0.5,
                "a": 1.0
            },
            "color3": {
                "r": 0.5,
                "g": 0.5,
                "b": 0.5,
                "a": 1.0
            }
        },
        {
            "category": 1,
            "partName": "",
            "partPackage": "",
            "color1": {
                "r": 0.5,
                "g": 0.5,
                "b": 0.5,
                "a": 1.0
            },
            "color2": {
                "r": 0.5,
                "g": 0.5,
                "b": 0.5,
                "a": 1.0
            },
            "color3": {
                "r": 0.5,
                "g": 0.5,
                "b": 0.5,
                "a": 1.0
            }
        },
        {
            "category": 2,
            "partName": "00",
            "partPackage": "Base",
            "color1": {
                "r": 0.5,
                "g": 0.5,
                "b": 0.5,
                "a": 1.0
            },
            "color2": {
                "r": 0.5,
                "g": 0.5,
                "b": 0.5,
                "a": 1.0
            },
            "color3": {
                "r": 0.5,
                "g": 0.5,
                "b": 0.5,
                "a": 1.0
            }
        },
        {
            "category": 3,
            "partName": "01",
            "partPackage": "Base",
            "color1": {
                "r": 0.5849056243896484,
                "g": 0.11863651871681214,
                "b": 0.5581376552581787,
                "a": 1.0
            },
            "color2": {
                "r": 0.5849056243896484,
                "g": 0.11863651871681214,
                "b": 0.5581376552581787,
                "a": 1.0
            },
            "color3": {
                "r": 0.5849056243896484,
                "g": 0.11863651871681214,
                "b": 0.5581376552581787,
                "a": 1.0
            }
        },
        {
            "category": 4,
            "partName": "05",
            "partPackage": "Base",
            "color1": {
                "r": 0.1764705777168274,
                "g": 0.27641981840133669,
                "b": 0.375,
                "a": 1.0
            },
            "color2": {
                "r": 0.1764705777168274,
                "g": 0.27641981840133669,
                "b": 0.375,
                "a": 1.0
            },
            "color3": {
                "r": 0.1764705777168274,
                "g": 0.27641981840133669,
                "b": 0.375,
                "a": 1.0
            }
        },
        {
            "category": 5,
            "partName": "08",
            "partPackage": "Base",
            "color1": {
                "r": 0.13127447664737702,
                "g": 0.4716981053352356,
                "b": 0.4205249547958374,
                "a": 1.0
            },
            "color2": {
                "r": 0.13127447664737702,
                "g": 0.4716981053352356,
                "b": 0.4205249547958374,
                "a": 1.0
            },
            "color3": {
                "r": 0.13127447664737702,
                "g": 0.4716981053352356,
                "b": 0.4205249547958374,
                "a": 1.0
            }
        },
        {
            "category": 6,
            "partName": "",
            "partPackage": "",
            "color1": {
                "r": 0.5,
                "g": 0.5,
                "b": 0.5,
                "a": 1.0
            },
            "color2": {
                "r": 0.5,
                "g": 0.5,
                "b": 0.5,
                "a": 1.0
            },
            "color3": {
                "r": 0.5,
                "g": 0.5,
                "b": 0.5,
                "a": 1.0
            }
        },
        {
            "category": 7,
            "partName": "16",
            "partPackage": "Base",
            "color1": {
                "r": 0.3308509290218353,
                "g": 0.19081522524356843,
                "b": 0.6037735939025879,
                "a": 1.0
            },
            "color2": {
                "r": 0.3308509290218353,
                "g": 0.19081522524356843,
                "b": 0.6037735939025879,
                "a": 1.0
            },
            "color3": {
                "r": 0.3308509290218353,
                "g": 0.19081522524356843,
                "b": 0.6037735939025879,
                "a": 1.0
            }
        },
        {
            "category": 8,
            "partName": "",
            "partPackage": "",
            "color1": {
                "r": 0.5,
                "g": 0.5,
                "b": 0.5,
                "a": 1.0
            },
            "color2": {
                "r": 0.5,
                "g": 0.5,
                "b": 0.5,
                "a": 1.0
            },
            "color3": {
                "r": 0.5,
                "g": 0.5,
                "b": 0.5,
                "a": 1.0
            }
        },
        {
            "category": 9,
            "partName": "04",
            "partPackage": "Base",
            "color1": {
                "r": 0.5735294222831726,
                "g": 0.24918867647647859,
                "b": 0.22772492468357087,
                "a": 1.0
            },
            "color2": {
                "r": 0.5735294222831726,
                "g": 0.24918867647647859,
                "b": 0.22772492468357087,
                "a": 1.0
            },
            "color3": {
                "r": 0.5735294222831726,
                "g": 0.24918867647647859,
                "b": 0.22772492468357087,
                "a": 1.0
            }
        },
        {
            "category": 10,
            "partName": "09",
            "partPackage": "Base",
            "color1": {
                "r": 0.5,
                "g": 0.5,
                "b": 0.5,
                "a": 1.0
            },
            "color2": {
                "r": 0.5,
                "g": 0.5,
                "b": 0.5,
                "a": 1.0
            },
            "color3": {
                "r": 0.5,
                "g": 0.5,
                "b": 0.5,
                "a": 1.0
            }
        },
        {
            "category": 11,
            "partName": "Base 00 Male",
            "partPackage": "Base",
            "color1": {
                "r": 0.5,
                "g": 0.5,
                "b": 0.5,
                "a": 1.0
            },
            "color2": {
                "r": 0.5,
                "g": 0.5,
                "b": 0.5,
                "a": 1.0
            },
            "color3": {
                "r": 0.5,
                "g": 0.5,
                "b": 0.5,
                "a": 1.0
            }
        },
        {
            "category": 12,
            "partName": "",
            "partPackage": "",
            "color1": {
                "r": 0.5,
                "g": 0.5,
                "b": 0.5,
                "a": 1.0
            },
            "color2": {
                "r": 0.5,
                "g": 0.5,
                "b": 0.5,
                "a": 1.0
            },
            "color3": {
                "r": 0.5,
                "g": 0.5,
                "b": 0.5,
                "a": 1.0
            }
        },
        {
            "category": 13,