{
    "dataVersion": 1,
    "bodyType": 0,
    "skinColor": {
        "r": 0.5735294222831726,
        "g": 0.33294951915740969,
        "b": 0.2024221420288086,
        "a": 1.0
    },
    "tintColor": {
        "r": 1.0,
        "g": 1.0,
        "b": 1.0,
        "a": 1.0
    },
    "slotData": [
        {
            "category": 0,
            "partName": "Fantasy 00 Male",
            "partPackage": "Fantasy",
            "color1": {
                "r": 0.5,
                "g": 0.5,
                "b": 0.5,
                "a": 1.0
            },
            "color2": {
                "r": 0.5,
                "g": 0.5,
                "b": 0.5,
                "a": 1.0
            },
            "color3": {
                "r": 0.5,
                "g": 0.5,
                "b": 0.5,
                "a": 1.0
            }
        },
        {
            "category": 1,
            "partName": "",
            "partPackage": "",
            "color1": {
                "r": 0.5,
                "g": 0.5,
                "b": 0.5,
                "a": 1.0
            },
            "color2": {
                "r": 0.5,
                "g": 0.5,
                "b": 0.5,
                "a": 1.0
            },
            "color3": {
                "r": 0.5,
                "g": 0.5,
                "b": 0.5,
                "a": 1.0
            }
        },
        {
            "category": 2,
            "partName": "00",
            "partPackage": "Base",
            "color1": {
                "r": 0.5,
                "g": 0.5,
                "b": 0.5,
                "a": 1.0
            },
            "color2": {
                "r": 0.5,
                "g": 0.5,
                "b": 0.5,
                "a": 1.0
            },
            "color3": {
                "r": 0.5,
                "g": 0.5,
                "b": 0.5,
                "a": 1.0
            }
        },
        {
            "category": 3,
            "partName": "06",
            "partPackage": "Base",
            "color1": {
                "r": 0.7169811725616455,
                "g": 0.6854156255722046,
                "b": 0.1386614441871643,
                "a": 1.0
            },
            "color2": {
                "r": 0.7169811725616455,
                "g": 0.6854156255722046,
                "b": 0.1386614441871643,
                "a": 1.0
            },
            "color3": {
                "r": 0.7169811725616455,
                "g": 0.6854156255722046,
                "b": 0.1386614441871643,
                "a": 1.0
            }
        },
        {
            "category": 4,
            "partName": "13",
            "partPackage": "Base",
            "color1": {
                "r": 0.41911762952804568,
                "g": 0.41911762952804568,
                "b": 0.41911762952804568,
                "a": 1.0
            },
            "color2": {
                "r": 0.41911762952804568,
                "g": 0.41911762952804568,
                "b": 0.41911762952804568,
                "a": 1.0
            },
            "color3": {
                "r": 0.41911762952804568,
                "g": 0.41911762952804568,
                "b": 0.41911762952804568,
                "a": 1.0
            }
        },
        {
            "category": 5,
            "partName": "05",
            "partPackage": "Base",
            "color1": {
                "r": 0.8745098114013672,
                "g": 0.8549019694328308,
                "b": 0.5647059082984924,
                "a": 1.0
            },
            "color2": {
                "r": 0.8745098114013672,
                "g": 0.8549019694328308,
                "b": 0.5647059082984924,
                "a": 1.0
            },
            "color3": {
                "r": 0.8745098114013672,
                "g": 0.8549019694328308,
                "b": 0.5647059082984924,
                "a": 1.0
            }
        },
        {
            "category": 6,
            "partName": "",
            "partPackage": "",
            "color1": {
                "r": 0.5,
                "g": 0.5,
                "b": 0.5,
                "a": 1.0
            },
            "color2": {
                "r": 0.5,
                "g": 0.5,
                "b": 0.5,
                "a": 1.0
            },
            "color3": {
                "r": 0.5,
                "g": 0.5,
                "b": 0.5,
                "a": 1.0
            }
        },
        {
            "category": 7,
            "partName": "01",
            "partPackage": "Base",
            "color1": {
                "r": 0.5943396091461182,
                "g": 0.36202290654182436,
                "b": 0.09251513332128525,
                "a": 1.0
            },
            "color2": {
                "r": 0.5943396091461182,
                "g": 0.36202290654182436,
                "b": 0.09251513332128525,
                "a": 1.0
            },
            "color3": {
                "r": 0.5943396091461182,
                "g": 0.36202290654182436,
                "b": 0.09251513332128525,
                "a": 1.0
            }
        },
        {
            "category": 8,
            "partName": "",
            "partPackage": "",
            "color1": {
                "r": 0.5,
                "g": 0.5,
                "b": 0.5,
                "a": 1.0
            },
            "color2": {
                "r": 0.5,
                "g": 0.5,
                "b": 0.5,
                "a": 1.0
            },
            "color3": {
                "r": 0.5,
                "g": 0.5,
                "b": 0.5,
                "a": 1.0
            }
        },
        {
            "category": 9,
            "partName": "10",
            "partPackage": "Base",
            "color1": {
                "r": 0.5367647409439087,
                "g": 0.3627789318561554,
                "b": 0.35126516222953799,
                "a": 1.0
            },
            "color2": {
                "r": 0.5367647409439087,
                "g": 0.3627789318561554,
                "b": 0.35126516222953799,
                "a": 1.0
            },
            "color3": {
                "r": 0.5367647409439087,
                "g": 0.3627789318561554,
                "b": 0.35126516222953799,
                "a": 1.0
            }
        },
        {
            "category": 10,
            "partName": "09",
            "partPackage": "Base",
            "color1": {
                "r": 0.5,
                "g": 0.5,
                "b": 0.5,
                "a": 1.0
            },
            "color2": {
                "r": 0.5,
                "g": 0.5,
                "b": 0.5,
                "a": 1.0
            },
            "color3": {
                "r": 0.5,
                "g": 0.5,
                "b": 0.5,
                "a": 1.0
            }
        },
        {
            "category": 11,
            "partName": "Base 00 Male",
            "partPackage": "Base",
            "color1": {
                "r": 0.5,
                "g": 0.5,
                "b": 0.5,
                "a": 1.0
            },
            "color2": {
                "r": 0.5,
                "g": 0.5,
                "b": 0.5,
                "a": 1.0
            },
            "color3": {
                "r": 0.5,
                "g": 0.5,
                "b": 0.5,
                "a": 1.0
            }
        },
        {
            "category": 12,
            "partName": "",
            "partPackage": "",
            "color1": {
                "r": 0.5,
                "g": 0.5,
                "b": 0.5,
                "a": 1.0
            },
            "color2": {
                "r": 0.5,
                "g": 0.5,
                "b": 0.5,
                "a": 1.0
            },
            "color3": {
                "r": 0.5,
                "g": 0.5,
                "b": 0.5,