{
    "dataVersion": 1,
    "bodyType": 0,
    "skinColor": {
        "r": 0.29411762952804568,
        "g": 0.1818256378173828,
        "b": 0.06487888097763062,
        "a": 1.0
    },
    "tintColor": {
        "r": 1.0,
        "g": 1.0,
        "b": 1.0,
        "a": 1.0
    },
    "slotData": [
        {
            "category": 0,
            "partName": "Fantasy 00 Male",
            "partPackage": "Fantasy",
            "color1": {
                "r": 0.5,
                "g": 0.5,
                "b": 0.5,
                "a": 1.0
            },
            "color2": {
                "r": 0.5,
                "g": 0.5,
                "b": 0.5,
                "a": 1.0
            },
            "color3": {
                "r": 0.5,
                "g": 0.5,
                "b": 0.5,
                "a": 1.0
            }
        },
        {
            "category": 1,
            "partName": "",
            "partPackage": "",
            "color1": {
                "r": 0.5,
                "g": 0.5,
                "b": 0.5,
                "a": 1.0
            },
            "color2": {
                "r": 0.5,
                "g": 0.5,
                "b": 0.5,
                "a": 1.0
            },
            "color3": {
                "r": 0.5,
                "g": 0.5,
                "b": 0.5,
                "a": 1.0
            }
        },
        {
            "category": 2,
            "partName": "00",
            "partPackage": "Base",
            "color1": {
                "r": 0.5,
                "g": 0.5,
                "b": 0.5,
                "a": 1.0
            },
            "color2": {
                "r": 0.5,
                "g": 0.5,
                "b": 0.5,
                "a": 1.0
            },
            "color3": {
                "r": 0.5,
                "g": 0.5,
                "b": 0.5,
                "a": 1.0
            }
        },
        {
            "category": 3,
            "partName": "08",
            "partPackage": "Base",
            "color1": {
                "r": 0.7169811725616455,
                "g": 0.6854156255722046,
                "b": 0.1386614441871643,
                "a": 1.0
            },
            "color2": {
                "r": 0.7169811725616455,
                "g": 0.6854156255722046,
                "b": 0.1386614441871643,
                "a": 1.0
            },
            "color3": {
                "r": 0.7169811725616455,
                "g": 0.6854156255722046,
                "b": 0.1386614441871643,
                "a": 1.0
            }
        },
        {
            "category": 4,
            "partName": "07",
            "partPackage": "Base",
            "color1": {
                "r": 0.33088237047195437,
                "g": 0.32645270228385928,
                "b": 0.17030709981918336,
                "a": 1.0
            },
            "color2": {
                "r": 0.33088237047195437,
                "g": 0.32645270228385928,
                "b": 0.17030709981918336,
                "a": 1.0
            },
            "color3": {
                "r": 0.33088237047195437,
                "g": 0.32645270228385928,
                "b": 0.17030709981918336,
                "a": 1.0
            }
        },
        {
            "category": 5,
            "partName": "07",
            "partPackage": "Base",
            "color1": {
                "r": 0.21960784494876862,
                "g": 0.1568627506494522,
                "b": 0.125490203499794,
                "a": 1.0
            },
            "color2": {
                "r": 0.21960784494876862,
                "g": 0.1568627506494522,
                "b": 0.125490203499794,
                "a": 1.0
            },
            "color3": {
                "r": 0.21960784494876862,
                "g": 0.1568627506494522,
                "b": 0.125490203499794,
                "a": 1.0
            }
        },
        {
            "category": 6,
            "partName": "",
            "partPackage": "",
            "color1": {
                "r": 0.5,
                "g": 0.5,
                "b": 0.5,
                "a": 1.0
            },
            "color2": {
                "r": 0.5,
                "g": 0.5,
                "b": 0.5,
                "a": 1.0
            },
            "color3": {
                "r": 0.5,
                "g": 0.5,
                "b": 0.5,
                "a": 1.0
            }
        },
        {
            "category": 7,
            "partName": "18",
            "partPackage": "Base",
            "color1": {
                "r": 0.21960784494876862,
                "g": 0.1568627506494522,
                "b": 0.125490203499794,
                "a": 1.0
            },
            "color2": {
                "r": 0.21960784494876862,
                "g": 0.1568627506494522,
                "b": 0.125490203499794,
                "a": 1.0
            },
            "color3": {
                "r": 0.21960784494876862,
                "g": 0.1568627506494522,
                "b": 0.125490203499794,
                "a": 1.0
            }
        },
        {
            "category": 8,
            "partName": "",
            "partPackage": "",
            "color1": {
                "r": 0.5,
                "g": 0.5,
                "b": 0.5,
                "a": 1.0
            },
            "color2": {
                "r": 0.5,
                "g": 0.5,
                "b": 0.5,
                "a": 1.0
            },
            "color3": {
                "r": 0.5,
                "g": 0.5,
                "b": 0.5,
                "a": 1.0
            }
        },
        {
            "category": 9,
            "partName": "04",
            "partPackage": "Base",
            "color1": {
                "r": 0.970588207244873,
                "g": 0.7293193340301514,
                "b": 0.6423010230064392,
                "a": 1.0
            },
            "color2": {
                "r": 0.970588207244873,
                "g": 0.7293193340301514,
                "b": 0.6423010230064392,
                "a": 1.0
            },
            "color3": {
                "r": 0.970588207244873,
                "g": 0.7293193340301514,
                "b": 0.6423010230064392,
                "a": 1.0
            }
        },
        {
            "category": 10,
            "partName": "05",
            "partPackage": "Base",
            "color1": {
                "r": 0.5,
                "g": 0.5,
                "b": 0.5,
                "a": 1.0
            },
            "color2": {
                "r": 0.5,
                "g": 0.5,
                "b": 0.5,
                "a": 1.0
            },
            "color3": {
                "r": 0.5,
                "g": 0.5,
                "b": 0.5,
                "a": 1.0
            }
        },
        {
            "category": 11,
            "partName": "Base 00 Male",
            "partPackage": "Base",
            "color1": {
                "r": 0.5,
                "g": 0.5,
                "b": 0.5,
                "a": 1.0
            },
            "color2": {
                "r": 0.5,
                "g": 0.5,
                "b": 0.5,
                "a": 1.0
            },
            "color3": {
                "r": 0.5,
                "g": 0.5,
                "b": 0.5,
                "a": 1.0
            }
        },
        {
            "category": 12,
            "partName": "",
            "partPackage": "",
            "color1": {
                "r": 0.5,
                "g": 0.5,
                "b": 0.5,
                "a": 1.0
            },
            "color2": {
                "r": 0.5,
                "g": 0.5,
                "b": 0.5,
                "a": 1.0
            },
            "color3": {
                "r": 0.5,
                "g": 0.5,
                "b": 0.5,