{
    "dataVersion": 1,
    "bodyType": 0,
    "skinColor": {
        "r": 0.8602941036224365,
        "g": 0.7446866035461426,
        "b": 0.7021518349647522,
        "a": 1.0
    },
    "tintColor": {
        "r": 1.0,
        "g": 1.0,
        "b": 1.0,
        "a": 1.0
    },
    "slotData": [
        {
            "category": 0,
            "partName": "Fantasy 00 Male",
            "partPackage": "Fantasy",
            "color1": {
                "r": 0.5,
                "g": 0.5,
                "b": 0.5,
                "a": 1.0
            },
            "color2": {
                "r": 0.5,
                "g": 0.5,
                "b": 0.5,
                "a": 1.0
            },
            "color3": {
                "r": 0.5,
                "g": 0.5,
                "b": 0.5,
                "a": 1.0
            }
        },
        {
            "category": 1,
            "partName": "",
            "partPackage": "",
            "color1": {
                "r": 0.5,
                "g": 0.5,
                "b": 0.5,
                "a": 1.0
            },
            "color2": {
                "r": 0.5,
                "g": 0.5,
                "b": 0.5,
                "a": 1.0
            },
            "color3": {
                "r": 0.5,
                "g": 0.5,
                "b": 0.5,
                "a": 1.0
            }
        },
        {
            "category": 2,
            "partName": "00",
            "partPackage": "Base",
            "color1": {
                "r": 0.5,
                "g": 0.5,
                "b": 0.5,
                "a": 1.0
            },
            "color2": {
                "r": 0.5,
                "g": 0.5,
                "b": 0.5,
                "a": 1.0
            },
            "color3": {
                "r": 0.5,
                "g": 0.5,
                "b": 0.5,
                "a": 1.0
            }
        },
        {
            "category": 3,
            "partName": "00",
            "partPackage": "Base",
            "color1": {
                "r": 0.43921568989753725,
                "g": 0.23137255012989045,
                "b": 0.11764705926179886,
                "a": 1.0
            },
            "color2": {
                "r": 0.43921568989753725,
                "g": 0.23137255012989045,
                "b": 0.11764705926179886,
                "a": 1.0
            },
            "color3": {
                "r": 0.43921568989753725,
                "g": 0.23137255012989045,
                "b": 0.11764705926179886,
                "a": 1.0
            }
        },
        {
            "category": 4,
            "partName": "02",
            "partPackage": "Base",
            "color1": {
                "r": 0.1367863118648529,
                "g": 0.41950520873069765,
                "b": 0.8088235259056091,
                "a": 1.0
            },
            "color2": {
                "r": 0.1367863118648529,
                "g": 0.41950520873069765,
                "b": 0.8088235259056091,
                "a": 1.0
            },
            "color3": {
                "r": 0.1367863118648529,
                "g": 0.41950520873069765,
                "b": 0.8088235259056091,
                "a": 1.0
            }
        },
        {
            "category": 5,
            "partName": "11",
            "partPackage": "Base",
            "color1": {
                "r": 0.11294054985046387,
                "g": 0.19468355178833009,
                "b": 0.5094339847564697,
                "a": 1.0
            },
            "color2": {
                "r": 0.11294054985046387,
                "g": 0.19468355178833009,
                "b": 0.5094339847564697,
                "a": 1.0
            },
            "color3": {
                "r": 0.11294054985046387,
                "g": 0.19468355178833009,
                "b": 0.5094339847564697,
                "a": 1.0
            }
        },
        {
            "category": 6,
            "partName": "",
            "partPackage": "",
            "color1": {
                "r": 0.5,
                "g": 0.5,
                "b": 0.5,
                "a": 1.0
            },
            "color2": {
                "r": 0.5,
                "g": 0.5,
                "b": 0.5,
                "a": 1.0
            },
            "color3": {
                "r": 0.5,
                "g": 0.5,
                "b": 0.5,
                "a": 1.0
            }
        },
        {
            "category": 7,
            "partName": "25",
            "partPackage": "Base",
            "color1": {
                "r": 0.11098255962133408,
                "g": 0.48324117064476015,
                "b": 0.5471698045730591,
                "a": 1.0
            },
            "color2": {
                "r": 0.11098255962133408,
                "g": 0.48324117064476015,
                "b": 0.5471698045730591,
                "a": 1.0
            },
            "color3": {
                "r": 0.11098255962133408,
                "g": 0.48324117064476015,
                "b": 0.5471698045730591,
                "a": 1.0
            }
        },
        {
            "category": 8,
            "partName": "",
            "partPackage": "",
            "color1": {
                "r": 0.5,
                "g": 0.5,
                "b": 0.5,
                "a": 1.0
            },
            "color2": {
                "r": 0.5,
                "g": 0.5,
                "b": 0.5,
                "a": 1.0
            },
            "color3": {
                "r": 0.5,
                "g": 0.5,
                "b": 0.5,
                "a": 1.0
            }
        },
        {
            "category": 9,
            "partName": "09",
            "partPackage": "Base",
            "color1": {
                "r": 0.5735294222831726,
                "g": 0.24918867647647859,
                "b": 0.22772492468357087,
                "a": 1.0
            },
            "color2": {
                "r": 0.5735294222831726,
                "g": 0.24918867647647859,
                "b": 0.22772492468357087,
                "a": 1.0
            },
            "color3": {
                "r": 0.5735294222831726,
                "g": 0.24918867647647859,
                "b": 0.22772492468357087,
                "a": 1.0
            }
        },
        {
            "category": 10,
            "partName": "10",
            "partPackage": "Base",
            "color1": {
                "r": 0.5,
                "g": 0.5,
                "b": 0.5,
                "a": 1.0
            },
            "color2": {
                "r": 0.5,
                "g": 0.5,
                "b": 0.5,
                "a": 1.0
            },
            "color3": {
                "r": 0.5,
                "g": 0.5,
                "b": 0.5,
                "a": 1.0
            }
        },
        {
            "category": 11,
            "partName": "Base 00 Male",
            "partPackage": "Base",
            "color1": {
                "r": 0.5,
                "g": 0.5,
                "b": 0.5,
                "a": 1.0
            },
            "color2": {
                "r": 0.5,
                "g": 0.5,
                "b": 0.5,
                "a": 1.0
            },
            "color3": {
                "r": 0.5,
                "g": 0.5,
                "b": 0.5,
                "a": 1.0
            }
        },
        {
            "category": 12,
            "partName": "",
            "partPackage": "",
            "color1": {
                "r": 0.5,
                "g": 0.5,
                "b": 0.5,
                "a": 1.0
            },
            "color2": {
                "r": 0.5,
                "g": 0.5,
                "b": 0.5,
                "a": 1.0
            },
            "color3": {
                "r": 0.5,
                "g": 0.5,
                "b": 0.5,